num_leaves,learning_rate,min_data_in_leaf,feature_fraction,bagging_fraction,lambda_l1,lambda_l2,ktr,krpm,ntrees,runtm,auc_rs_avg,auc_rs_std,auc_test_avg,auc_test_sd
200,0.03,50,0.6,0.8,0.1,0,1,1,504.1,3.53190000000001,0.793905801025043,0.00106888662880647,0.720104145761758,0.00262421526836331
5000,0.03,50,1,0.6,0,0.01,1,2,228.95,7.01814999999998,0.795255357015507,0.00111619329369637,0.72603360618307,0.00229470344772884
5000,0.1,5,0.8,1,0,0.01,1,3,33.75,4.89000000000003,0.79420221832431,0.001359150647637,0.739512956165004,0.00219167855421504
200,0.01,20,0.6,0.8,0,0.01,1,4,1113.6,7.49764999999995,0.790400224976676,0.00118138549194084,0.721952655273603,0.00246560321570195
100,0.1,5,1,0.4,0,0.3,1,5,274.55,1.15080000000003,0.793942889748699,0.00160525447533963,0.73105395792979,0.0021781798648245
500,0.1,10,0.8,0.6,0,0.01,1,6,90.25,1.27959999999994,0.807188940364849,0.00130714954023486,0.736817246869031,0.00223059630535718
5000,0.01,20,1,0.6,0,0,1,7,420.45,28.18875,0.789555570903933,0.00149786991599192,0.722173143682352,0.00205279214245765
1000,0.1,20,0.8,0.6,0.01,0,1,8,69.25,1.93214999999982,0.804291069411897,0.00152124510659648,0.735476095341969,0.00227027638795461
5000,0.01,20,0.8,0.8,0.01,0.01,1,9,498.6,28.5813999999999,0.807588148085269,0.00128596538376813,0.733799494272582,0.00226063045482493
2000,0.01,10,1,0.4,0.01,0,1,10,414.75,19.283,0.791190577217193,0.00172326403574193,0.725768879527109,0.00206050429268505
2000,0.1,20,1,1,0.1,0.01,1,11,46.2,2.58030000000017,0.783104757480599,0.00150656606999049,0.724723942132371,0.00199038884379344
500,0.03,10,1,0.8,0.1,0,1,12,272.35,3.65495000000028,0.803618364204889,0.00182892049364106,0.734320942385842,0.00203408160187565
500,0.1,5,0.8,1,0.3,0,1,13,99.4,1.39904999999981,0.812731715401344,0.00146599446958762,0.742175034110207,0.00220072114540164
2000,0.01,50,1,0.4,0,0.3,1,14,739.3,18.9164000000002,0.800294125890865,0.00113617288837682,0.726742916008345,0.00218467742674742
5000,0.01,50,0.6,0.6,0,0,1,15,741.7,17.97955,0.796295946397814,0.00146445645667981,0.724816312877629,0.00261191571516278
5000,0.03,5,0.6,0.4,0.3,0.1,1,16,193.5,14.7054999999998,0.802891138483193,0.00114100880036976,0.735333592914232,0.00276835879478427
2000,0.1,5,0.6,0.4,0,0,1,17,55.25,2.86294999999936,0.793690038374923,0.00179313655330786,0.730733891206031,0.00239496315903648
5000,0.01,50,0.6,0.4,0.3,0,1,18,824.15,16.4132499999996,0.793816910078084,0.00116823144712513,0.725749181224415,0.00262283802547571
5000,0.1,20,0.8,0.4,0,0,1,19,46.1,3.58650000000016,0.800169861201316,0.00106482944177794,0.73584980414696,0.00213711133633759
5000,0.1,10,0.8,0.6,0.01,0,1,20,37.15,4.42585000000017,0.795526106603878,0.0013752549262254,0.740932993819892,0.00235561928101491
5000,0.01,5,0.6,0.8,0,0,1,21,365.05,37.8797500000001,0.800643568276404,0.00103767883513895,0.733783099778605,0.00265293511439358
2000,0.03,50,0.6,1,0,0,1,22,342.55,7.59269999999961,0.799032405907668,0.0011955077814005,0.726456901322868,0.002484336157961
1000,0.1,10,0.6,1,0,0,1,23,67.6,1.75005000000056,0.797488481106552,0.00129132758505242,0.725580127880839,0.00231580438944509
100,0.01,20,1,1,0,0,1,24,1600.1,6.85114999999969,0.791487710994319,0.00128880898947135,0.724248472216486,0.00216234414634961
5000,0.01,20,1,0.8,0,0,1,25,435.7,29.1157000000003,0.78613175600386,0.00147974055812543,0.721915516385107,0.00203499412940279
200,0.03,10,1,0.8,0.01,0.1,1,26,446.95,2.97055,0.798848515535208,0.00166081971728235,0.730836158392021,0.00206970040573764
100,0.1,50,1,0.8,0.01,0,1,27,238.2,1.14959999999919,0.791499917730912,0.00163559973012393,0.728148278551643,0.0023457645216369
2000,0.1,10,0.6,1,0,0.3,1,28,66.15,3.10290000000096,0.801338478647986,0.00183689783816229,0.727346061714427,0.00257389224616518
100,0.01,20,1,0.8,0.1,0.1,1,29,1922.45,8.11680000000051,0.793707275863755,0.00178313129745767,0.727170750822353,0.00218151649516174
2000,0.03,50,1,0.4,0,0,1,30,248.85,7.04645000000055,0.798471800357539,0.00174163431093758,0.727635180544621,0.00221860051577636
5000,0.1,50,0.6,0.6,0,0,1,31,80.8,2.25945000000029,0.789132840154337,0.00145661181636077,0.72026250634151,0.00258272428161756
2000,0.01,50,1,1,0.1,0,1,32,746.65,19.6640000000003,0.797017127053799,0.00138705606190533,0.727412167358476,0.00221518545595577
100,0.01,5,1,1,0,0,1,33,1671.5,6.74414999999899,0.789640767199149,0.00165510380691628,0.724640663947056,0.00211832218588762
2000,0.01,5,0.8,1,0,0,1,34,448.3,20.1550000000003,0.814425963365831,0.00158732355472366,0.740697013301097,0.00206802583025785
2000,0.03,10,0.8,1,0,0,1,35,154,7.28020000000033,0.809938012971029,0.00146544094138551,0.735545080836477,0.00200463487557121
2000,0.01,10,1,0.4,0,0.1,1,36,411.9,19.1537999999997,0.789880999840495,0.0018535160338422,0.725478516428844,0.00203927435422693
2000,0.1,5,0.8,1,0,0,1,37,44.3,2.48930000000037,0.805446920893754,0.00147965834963657,0.744709289593932,0.00185250980477981
1000,0.01,5,1,0.8,0.1,0,1,38,577.3,13.5154500000004,0.803086309735378,0.00113695839615118,0.736259649996772,0.00211764829455085
200,0.03,50,0.6,0.8,0.3,0.3,1,39,520.6,3.68299999999945,0.792419713989116,0.00134136273499682,0.720529464574446,0.0025306555444744
500,0.01,10,0.6,0.8,0.01,0.1,1,40,807.6,9.81514999999927,0.802947023447654,0.00196169831392044,0.730749534109147,0.00244464806524729
1000,0.01,5,0.8,0.4,0.3,0,1,41,643.6,14.5579499999993,0.817063211471807,0.00139674415385282,0.742203077848788,0.00217559038246652
1000,0.1,20,0.8,0.8,0,0.01,1,42,68.05,1.78869999999879,0.80315987090797,0.00159477497927378,0.734825849805336,0.00213925990637409
100,0.1,5,0.6,0.6,0,0,1,43,188.3,0.869449999998324,0.781740241493597,0.00157122514908131,0.715984408001844,0.00239002087022445
100,0.01,10,1,0.6,0,0.01,1,44,1629.25,6.75590000000084,0.789512922574876,0.00179958805335766,0.725488295284682,0.00207150585988432
500,0.1,20,0.8,0.4,0,0,1,45,90.65,1.35794999999926,0.805455241249067,0.00115298035920194,0.735150809004502,0.00210519116614145
200,0.03,50,0.6,0.8,0,0,1,46,511.35,3.57229999999909,0.792449745369873,0.00174843104092957,0.719982022993806,0.00261258482736249
500,0.1,20,0.8,0.4,0.1,0.01,1,47,91.8,1.33845000000219,0.805027762175657,0.00147123887974479,0.735673871588295,0.00214632092369826
200,0.03,50,1,0.8,0,0,1,48,564.1,3.82754999999961,0.801038472195254,0.00151342781691579,0.731511841190933,0.00227111910913615
200,0.01,10,1,1,0.01,0,1,49,1222.9,7.82815000000046,0.79893478698257,0.0014971970768063,0.729271338288688,0.00204987273986805
2000,0.01,20,1,0.6,0,0.1,1,50,468.5,20.8639999999999,0.791258901133065,0.00142989401559474,0.72321815003807,0.00206618864908291
5000,0.01,10,0.8,0.8,0,0,1,51,356.6,36.7361000000012,0.809394228552169,0.00162079493898032,0.734454912075929,0.0021886929729417
1000,0.03,50,0.8,0.4,0,0,1,52,283.05,6.29649999999965,0.806866485929959,0.001670280169734,0.734353792573771,0.00230618646624106
5000,0.1,5,0.8,0.4,0,0.1,1,53,35.3,5.04424999999828,0.796250458440206,0.00124110360152061,0.741548744509239,0.0023507653042562
1000,0.01,10,1,0.8,0,0,1,54,547.9,12.4923000000003,0.800822191113726,0.00166606975898452,0.732879601312407,0.00208594425428183
200,0.03,50,1,0.6,0,0,1,55,548.35,3.6932000000008,0.801432220974519,0.00127242693392209,0.730213078432996,0.00231314369831071
100,0.1,50,0.8,0.8,0,0,1,56,258.1,1.18924999999726,0.797671475907398,0.00204085891120507,0.728525137540649,0.00240036264953448
2000,0.01,5,1,0.4,0,0,1,57,408.2,18.9316999999981,0.79242727338728,0.00151918004528413,0.729462796901685,0.0020879330113742
200,0.03,5,0.6,1,0,0.1,1,58,439.9,2.79960000000065,0.792171418711296,0.00181541785758186,0.724023811086297,0.00245479800756146
1000,0.01,20,0.6,0.8,0,0,1,59,646.1,13.5250999999989,0.80448030576963,0.00141573212914468,0.730137798061434,0.0025978330714033
5000,0.03,5,0.6,0.8,0.3,0.1,1,60,192.45,14.7803,0.802958520848044,0.000928758151080977,0.735576673762922,0.00267209650167068
1000,0.01,50,0.6,0.6,0,0.3,1,61,755.9,13.2256499999996,0.795266276671961,0.00157578753308772,0.725259527891383,0.00255668178753854
5000,0.01,20,0.6,0.4,0,0,1,62,602.35,30.9717999999979,0.802783295272016,0.00124537962568191,0.729869580941692,0.00254086374732206
2000,0.1,5,0.6,0.8,0,0,1,63,56.95,2.90719999999783,0.795722977962547,0.0015914844478567,0.730000974945623,0.00249404134737002
5000,0.01,5,1,0.8,0,0,1,64,284.25,32.2957999999984,0.764076373697371,0.000763198754237687,0.711042851628733,0.00201818934539481
100,0.03,10,1,0.8,0.01,0,1,65,613.45,2.60614999999889,0.793180429516792,0.00172164260113474,0.725995424256534,0.00206238387501942
500,0.01,50,0.6,0.8,0.3,0.01,1,66,918.55,11.2574999999968,0.796390609434806,0.00135369455838411,0.724798022081823,0.00254925979395592
1000,0.03,50,0.6,0.4,0,0,1,67,335.4,6.42245000000185,0.798637213929461,0.0019247645458311,0.726194477400681,0.00259949261650511
1000,0.01,20,0.8,1,0,0,1,68,631.4,14.0124500000013,0.80973143775291,0.00147498494860103,0.736046656639667,0.00215088879491356
2000,0.01,10,0.6,0.8,0,0,1,69,583.1,24.5231000000007,0.803982047536657,0.00141778713287913,0.732427230707998,0.00252018489560955
100,0.1,10,0.8,0.8,0.3,0,1,70,257.2,1.11225000000122,0.79774448393598,0.00187695397689562,0.731677679506446,0.00238364904241514
2000,0.01,10,1,1,0.1,0,1,71,422.8,19.771449999998,0.78992512461342,0.00169557689089815,0.726148639991001,0.00197509698598974
200,0.03,5,1,0.8,0,0.3,1,72,502,3.21804999999949,0.800721230104083,0.00194719550629154,0.732564374948409,0.002138357853034
100,0.03,20,1,0.8,0,0,1,73,630,2.69080000000104,0.7936727903737,0.00133155514481926,0.726172217030416,0.00212510516590683
200,0.1,20,0.6,0.6,0,0.1,1,74,156.15,1.14384999999966,0.790723438468786,0.00172634423720046,0.720301401239119,0.00254574867015647
1000,0.01,50,0.8,0.6,0.01,0,1,75,768.2,16.6460000000006,0.805200903480153,0.00187651255007236,0.732310995175689,0.00225451944216642
5000,0.1,20,0.8,0.6,0.01,0,1,76,45.65,3.32170000000187,0.797352638006782,0.00169879833393911,0.736405802939465,0.00209297516485633
1000,0.01,20,0.6,1,0.01,0,1,77,643.75,13.4942500000005,0.803159181984495,0.00174071861275551,0.730356605009945,0.00249242533688458
500,0.03,5,1,0.6,0,0,1,78,254.3,3.34794999999722,0.803193467694077,0.00130650661008677,0.734734060099204,0.00202344112501416
200,0.1,5,1,0.8,0,0,1,79,152.1,1.04454999999871,0.79221711298618,0.00154473188644518,0.732566308847452,0.00205237706856113
100,0.03,10,1,0.8,0.01,0.01,1,80,650.75,2.66905000000115,0.792011935480015,0.0016570447644805,0.726159636849049,0.00210839949646842
200,0.1,20,0.6,0.6,0,0.3,1,81,158.2,1.13779999999679,0.794724321916074,0.00162537003842448,0.720887360158766,0.002576286002573
500,0.1,50,0.6,0.4,0,0,1,82,110.6,1.58434999999736,0.791531940738197,0.00144263089892718,0.719841674942062,0.00253673911646034
500,0.1,20,1,1,0.3,0,1,83,95.6,1.41030000000173,0.799839584709049,0.00194038408687047,0.733365553223478,0.00207740428115262
5000,0.03,10,0.8,0.8,0.1,0,1,84,137.3,12.0814000000028,0.807551088089016,0.00160571702167219,0.734640236786444,0.00217314203255126
500,0.03,5,0.8,0.8,0,0,1,85,303.3,3.72704999999987,0.810426471098616,0.00106985958454304,0.737779342071767,0.00204631579008364
1000,0.01,10,1,1,0,0.3,1,86,583.75,13.7119999999981,0.802271483911748,0.00135195370787542,0.732964796698112,0.00200991876489421
2000,0.01,20,0.6,0.4,0.1,0,1,87,615.1,21.9512000000017,0.802851760906882,0.00161948181348644,0.730852262032564,0.00258670569443369
5000,0.03,10,1,0.4,0,0,1,88,112.65,12.7780999999974,0.773902454357874,0.00134830621231674,0.715637428009879,0.00216292416155162
2000,0.03,50,0.6,1,0,0,1,89,339.55,7.67400000000052,0.79772622880322,0.00140917739258954,0.726139641934392,0.00253573132959354
200,0.03,50,0.6,1,0,0.3,1,90,457.65,3.25805000000255,0.79212644776585,0.00148779510802636,0.719299788344214,0.00255194396812954
1000,0.03,20,0.8,0.4,0,0,1,91,222.55,5.08160000000207,0.811834163682165,0.0018755089969409,0.736120341053846,0.00218502802130753
2000,0.01,10,0.6,0.4,0,0.3,1,92,609.3,24.7743999999992,0.80249165575174,0.00147960348180678,0.733663586965519,0.00262259941558552
5000,0.03,20,0.6,0.8,0.3,0,1,93,283.6,10.364800000003,0.805107889009231,0.0014195807541009,0.734067755373421,0.00262506570624142
1000,0.1,5,1,0.6,0.3,0,1,94,64.75,1.83549999999668,0.803005814501122,0.00156232003383349,0.738448116626551,0.00203140812805499
200,0.01,50,0.8,0.4,0.1,0,1,95,1561.5,10.4491500000018,0.802608012469911,0.00163668196859569,0.729664513873702,0.00235689851263105
1000,0.03,5,0.6,0.4,0.01,0,1,96,262.2,5.58195000000123,0.806784624900963,0.00198672030655701,0.733824428009013,0.00253813096199881
500,0.03,5,1,0.8,0,0,1,97,267.8,3.46060000000143,0.804444031489751,0.00145679130189519,0.735158708052718,0.00202520788096225
100,0.1,20,0.6,0.6,0,0,1,98,186.8,0.885349999998289,0.782284817859267,0.001788158137131,0.716645015810987,0.00253234463316703
2000,0.03,20,0.8,0.4,0,0,1,99,172.45,7.67790000000241,0.807572796520594,0.000916076983385521,0.73434165978659,0.00210590813402388
100,0.03,10,0.6,0.6,0,0.1,1,100,535.05,2.36975000000239,0.781921480671981,0.00161720683072429,0.717418518742145,0.00249300203026497
200,0.03,50,0.6,0.8,0.1,0,2,1,507.8,3.55710000000108,0.796651872940974,0.00155784807251844,0.723806269319257,0.002464451392231
5000,0.03,50,1,0.6,0,0.01,2,2,252.3,7.77644999999902,0.804149370686455,0.00149713619132941,0.731905729166247,0.00213460188017622
5000,0.1,5,0.8,1,0,0.01,2,3,34.25,4.89875000000029,0.801078378879306,0.00127647856842087,0.7448646118166,0.00215842450214794
200,0.01,20,0.6,0.8,0,0.01,2,4,1162.85,7.81430000000109,0.79645927475835,0.00127834953393609,0.724914948921653,0.0026230566723172
100,0.1,5,1,0.4,0,0.3,2,5,302.75,1.24915000000037,0.80079378796733,0.0014842457228913,0.737465277694748,0.00222302878865863
500,0.1,10,0.8,0.6,0,0.01,2,6,95.25,1.35995000000257,0.810297735631866,0.00120888814314256,0.743106832807054,0.00249068682123391
5000,0.01,20,1,0.6,0,0,2,7,440.25,29.3507000000042,0.792022958863099,0.00193149867687988,0.728991754379029,0.00203718223198981
1000,0.1,20,0.8,0.6,0.01,0,2,8,77.3,2.03349999999627,0.809601419633188,0.0017847929342283,0.740580594124623,0.00230799146566778
5000,0.01,20,0.8,0.8,0.01,0.01,2,9,495,28.5890999999989,0.809645570948168,0.00117114692384066,0.736736759001573,0.00224873118805945
2000,0.01,10,1,0.4,0.01,0,2,10,427.45,19.931650000003,0.794751089889443,0.00189719528502638,0.733167892004734,0.00215922533745532
2000,0.1,20,1,1,0.1,0.01,2,11,49.15,2.66015000000189,0.792049143317766,0.00148501981689572,0.730559757461451,0.00209310778642823
500,0.03,10,1,0.8,0.1,0,2,12,279.05,3.72869999999675,0.808567517924433,0.00139478155892105,0.738779940424911,0.00234083829025599
500,0.1,5,0.8,1,0.3,0,2,13,105.3,1.43474999999598,0.815143774366359,0.00139827374520169,0.745447137841828,0.00231162436788071
2000,0.01,50,1,0.4,0,0.3,2,14,752.4,19.1770999999979,0.80067611949487,0.00146391292687027,0.73132321095765,0.00209335663190181
5000,0.01,50,0.6,0.6,0,0,2,15,743.35,17.772950000003,0.794083785579861,0.00121308248156169,0.726723489051691,0.00254092489277719
5000,0.03,5,0.6,0.4,0.3,0.1,2,16,193.85,14.846100000001,0.80682344441032,0.00139035602055143,0.736794059137755,0.00243285857256828
2000,0.1,5,0.6,0.4,0,0,2,17,54.7,2.80669999999664,0.799013341639539,0.00102161112363232,0.732697363516798,0.00230664031596371
5000,0.01,50,0.6,0.4,0.3,0,2,18,805.9,16.0020000000004,0.797574213494165,0.00175822107652717,0.727233744068022,0.00255928858505525
5000,0.1,20,0.8,0.4,0,0,2,19,46.4,3.62724999999627,0.803506596217067,0.00137365741939645,0.739109745305122,0.00219228661540642
5000,0.1,10,0.8,0.6,0.01,0,2,20,37.2,4.43780000000115,0.800826483538408,0.00139988130366162,0.7442499518059,0.00226908541101441
5000,0.01,5,0.6,0.8,0,0,2,21,365.7,37.996149999999,0.806841303664462,0.00141013251223749,0.734791421044041,0.00231253120033373
2000,0.03,50,0.6,1,0,0,2,22,346.25,7.70034999999916,0.80020461091839,0.00156905119804281,0.728081806330127,0.00254061360864922
1000,0.1,10,0.6,1,0,0,2,23,68.35,1.74604999999865,0.803553164197127,0.00145865681629724,0.729051447389239,0.00230041451643216
100,0.01,20,1,1,0,0,2,24,1661.55,7.11590000000433,0.794500689518312,0.00136989723435819,0.728790921903975,0.00218048137776457
5000,0.01,20,1,0.8,0,0,2,25,453.65,30.4132500000022,0.791281210039613,0.00153832359112372,0.729148196772137,0.00218415787930537
200,0.03,10,1,0.8,0.01,0.1,2,26,480.95,3.1900999999998,0.802301012749428,0.00142241982073234,0.735716274924048,0.0022384301689428
100,0.1,50,1,0.8,0.01,0,2,27,239.65,1.09759999999951,0.796146303032846,0.00166344396713081,0.732128408283232,0.00211769476521909
2000,0.1,10,0.6,1,0,0.3,2,28,66.1,3.06794999999693,0.801160474834757,0.00160606582751412,0.729606897225387,0.00232035674103594
100,0.01,20,1,0.8,0.1,0.1,2,29,1870.55,7.9409500000038,0.797662670683433,0.00128720261040851,0.730007227996349,0.00223525171086526
2000,0.03,50,1,0.4,0,0,2,30,240.2,6.72434999999969,0.802749529849692,0.00163088574030902,0.731389440636933,0.00213436367020721
5000,0.1,50,0.6,0.6,0,0,2,31,89.45,2.36600000000035,0.792852059889372,0.00152988325377686,0.72192650321926,0.00242101400929022
2000,0.01,50,1,1,0.1,0,2,32,738.5,19.2625500000009,0.802452601674024,0.001256357527888,0.731097571377929,0.00205472576646149
100,0.01,5,1,1,0,0,2,33,1856,7.29824999999837,0.796925996780658,0.00161009683593372,0.72999944221107,0.00226809645453189
2000,0.01,5,0.8,1,0,0,2,34,452.8,20.2342500000028,0.819936453489451,0.00122226042415329,0.745739651119728,0.00233419459930788
2000,0.03,10,0.8,1,0,0,2,35,156.8,7.32205000000249,0.814574725460621,0.00138056575827667,0.740345815333325,0.00221116471600471
2000,0.01,10,1,0.4,0,0.1,2,36,435.85,20.3272999999987,0.797779107911364,0.00184474190552823,0.733051396723064,0.00213087490416201
2000,0.1,5,0.8,1,0,0,2,37,44.7,2.48619999999646,0.81187105132393,0.000872784369953204,0.748381445334838,0.0023433912017249
1000,0.01,5,1,0.8,0.1,0,2,38,585.75,13.7892499999987,0.811938430271137,0.00142544829146679,0.741789157559362,0.00232527402546597
200,0.03,50,0.6,0.8,0.3,0.3,2,39,534.95,3.91554999999498,0.794625929071286,0.00162518914974419,0.724294081238971,0.00252354388794757
500,0.01,10,0.6,0.8,0.01,0.1,2,40,877.9,10.6945500000045,0.806168884661405,0.00173568854156837,0.733258202054076,0.00249368473966721
1000,0.01,5,0.8,0.4,0.3,0,2,41,682.6,15.3618499999982,0.823272440938158,0.00116973236409404,0.747171528658011,0.00234542631435175
1000,0.1,20,0.8,0.8,0,0.01,2,42,77.1,1.97684999999765,0.811400205876065,0.00175064694367046,0.7404881581458,0.00243596430459658
100,0.1,5,0.6,0.6,0,0,2,43,195.55,0.873749999998836,0.782202915934724,0.00142560093820152,0.721824324548352,0.0025455333764921
100,0.01,10,1,0.6,0,0.01,2,44,1775.8,7.24535000000033,0.79488518658197,0.00249102540345342,0.730124326082988,0.00227526864044374
500,0.1,20,0.8,0.4,0,0,2,45,94.2,1.32805000000226,0.809806726620525,0.00122019382370122,0.739586803922123,0.0024078304614511
200,0.03,50,0.6,0.8,0,0,2,46,502.35,3.50409999999974,0.795561806925349,0.00165153551427979,0.723144573080934,0.00252411305465961
500,0.1,20,0.8,0.4,0.1,0.01,2,47,96.55,1.38034999999945,0.809394111289872,0.00155540498441278,0.739357130542322,0.00239583071442902
200,0.03,50,1,0.8,0,0,2,48,562.3,3.75495000000083,0.802168379064912,0.00146254962583536,0.735295105679722,0.00223541144083555
200,0.01,10,1,1,0.01,0,2,49,1170.9,7.52795000000188,0.802762205316612,0.00148855275010644,0.733710868162545,0.002300457003218
2000,0.01,20,1,0.6,0,0.1,2,50,484.1,21.4430000000022,0.794620769570691,0.00172619702330079,0.729139845504428,0.00212213981910749
5000,0.01,10,0.8,0.8,0,0,2,51,362.75,37.4852999999959,0.81190496981767,0.00168340359063729,0.738328901090869,0.00222776925716911
1000,0.03,50,0.8,0.4,0,0,2,52,278.45,6.19975000000268,0.81166158144268,0.0015136754782275,0.736339309164483,0.00231225115194496
5000,0.1,5,0.8,0.4,0,0.1,2,53,35.3,5.0632500000007,0.801856320669281,0.00174572434433644,0.747796852509413,0.0021526066596599
1000,0.01,10,1,0.8,0,0,2,54,547.75,12.5406499999997,0.805638639142985,0.00117535625525876,0.738014605244079,0.00230881556926307
200,0.03,50,1,0.6,0,0,2,55,558.35,3.75920000000333,0.804195073348239,0.0017066002323658,0.73506879252267,0.00218731851016899
100,0.1,50,0.8,0.8,0,0,2,56,264.55,1.17669999999926,0.800284458952591,0.00106443144118611,0.732868220898818,0.00236010561325203
2000,0.01,5,1,0.4,0,0,2,57,414.8,19.2172500000044,0.802405898157213,0.00112722349256947,0.73764031154505,0.00219433568483179
200,0.03,5,0.6,1,0,0.1,2,58,437.8,2.81775000000052,0.796584885398873,0.00136771942393086,0.728193066798084,0.00257260114870976
1000,0.01,20,0.6,0.8,0,0,2,59,662.75,13.9209500000055,0.803468411987375,0.0012598372303866,0.73273824598531,0.00247972260183335
5000,0.03,5,0.6,0.8,0.3,0.1,2,60,194.6,14.8489500000025,0.807729187752187,0.00147716560777223,0.736554594559007,0.00245994292792971
1000,0.01,50,0.6,0.6,0,0.3,2,61,763.9,13.4030999999988,0.794385609809018,0.00173755704962652,0.726578274945311,0.00244879807542226
5000,0.01,20,0.6,0.4,0,0,2,62,608.45,31.2417000000016,0.803431028820349,0.00133316080264915,0.731854032903435,0.0025509676420841
2000,0.1,5,0.6,0.8,0,0,2,63,56.15,2.90120000000461,0.801275289112911,0.00149825422244744,0.731862643139424,0.00237580533719092
5000,0.01,5,1,0.8,0,0,2,64,281.3,32.2028000000079,0.774731056352573,0.00169146954054313,0.719820754134346,0.00213692009139224
100,0.03,10,1,0.8,0.01,0,2,65,632.45,2.76400000000431,0.798607790691524,0.00163344417903281,0.731087018552676,0.00230865690215469
500,0.01,50,0.6,0.8,0.3,0.01,2,66,1038.65,12.7694500000071,0.80073140853397,0.00132445715834122,0.726056682574606,0.00243222706022596
1000,0.03,50,0.6,0.4,0,0,2,67,346.65,6.68520000000426,0.801186025874124,0.00129597064320547,0.728117348245811,0.00251649960762606
1000,0.01,20,0.8,1,0,0,2,68,665.15,14.7334499999997,0.815313163256013,0.00134630940148532,0.740189674208029,0.00232682172424398
2000,0.01,10,0.6,0.8,0,0,2,69,575.2,24.2790999999997,0.809573127940098,0.00141862132401634,0.734099582817844,0.00247607404844462
100,0.1,10,0.8,0.8,0.3,0,2,70,265.05,1.14319999999716,0.803521305334898,0.00130652508223555,0.736169161466691,0.00235719480107851
2000,0.01,10,1,1,0.1,0,2,71,434.1,20.3410499999969,0.797585211124335,0.00179715492848779,0.733200620062865,0.00219136038851572
200,0.03,5,1,0.8,0,0.3,2,72,548.95,3.43894999999902,0.806922971178566,0.00164950370995726,0.737628249712726,0.0022789751990044
100,0.03,20,1,0.8,0,0,2,73,699.35,2.94704999999085,0.798541323330541,0.00138457493973324,0.731405839741641,0.00224775125546478
200,0.1,20,0.6,0.6,0,0.1,2,74,172.45,1.25479999999516,0.794958996140526,0.000928898165620188,0.724577055180956,0.00261965100864866
1000,0.01,50,0.8,0.6,0.01,0,2,75,833.15,17.992750000002,0.809403260225483,0.00161813207314964,0.736347127478115,0.00224938088027606
5000,0.1,20,0.8,0.6,0.01,0,2,76,46.2,3.31890000001004,0.803042595969958,0.00162948554139918,0.738487878741082,0.00222235326219155
1000,0.01,20,0.6,1,0.01,0,2,77,666.65,14.090200000006,0.807223257757524,0.00133055884074376,0.732806664746113,0.00253495430126326
500,0.03,5,1,0.6,0,0,2,78,269.05,3.52035000000615,0.81142302824477,0.00174727636122202,0.740104390205438,0.00226221967381416
200,0.1,5,1,0.8,0,0,2,79,146.55,0.989899999997579,0.796910710391103,0.00162798496539423,0.736809406471142,0.00219783177716781
100,0.03,10,1,0.8,0.01,0.01,2,80,627.1,2.65395000000426,0.794063117626496,0.0015939457161282,0.730767354981441,0.00231991347888117
200,0.1,20,0.6,0.6,0,0.3,2,81,185.75,1.31755000000121,0.793965921524558,0.00178611463044059,0.725152887265669,0.00258949879119995
500,0.1,50,0.6,0.4,0,0,2,82,97.35,1.45400000000664,0.78976401100018,0.00140091198462759,0.720946775859678,0.0024101240000016
500,0.1,20,1,1,0.3,0,2,83,100.1,1.51735000000044,0.804633293262471,0.0015847644348341,0.738882815221631,0.00231629700815876
5000,0.03,10,0.8,0.8,0.1,0,2,84,139.4,12.3201000000001,0.808703700192124,0.00111099937356941,0.739145251046477,0.00224223937952005
500,0.03,5,0.8,0.8,0,0,2,85,310.7,3.87964999999967,0.819431083301472,0.00118042661722577,0.743605353557596,0.00238404649151062
1000,0.01,10,1,1,0,0.3,2,86,604.2,14.2168000000005,0.808003986409487,0.00113921249719731,0.737517176081704,0.00222323891391618
2000,0.01,20,0.6,0.4,0.1,0,2,87,629.7,22.540300000002,0.803631999820312,0.000989466686791003,0.732439104932466,0.00250721941092098
5000,0.03,10,1,0.4,0,0,2,88,113.95,13.2454499999993,0.781522229904992,0.00152763961276802,0.72353161865186,0.00216848455548257
2000,0.03,50,0.6,1,0,0,2,89,349.5,7.77540000000445,0.800467256645226,0.00120330332016256,0.727484275916496,0.00246339638737405
200,0.03,50,0.6,1,0,0.3,2,90,508.85,3.58810000000231,0.797329782672206,0.0012069347377825,0.723218818034168,0.00249951753353999
1000,0.03,20,0.8,0.4,0,0,2,91,235.2,5.37410000000091,0.813145432546416,0.00140819892111941,0.739336634215442,0.00246277766020585
2000,0.01,10,0.6,0.4,0,0.3,2,92,603.55,24.7003500000021,0.80825835738083,0.00131419207393419,0.735122924479664,0.00245691292882541
5000,0.03,20,0.6,0.8,0.3,0,2,93,276.3,10.0945999999996,0.810100483059994,0.00161181176228853,0.73499570942628,0.00257387512071734
1000,0.1,5,1,0.6,0.3,0,2,94,64.3,1.83490000000165,0.808795169737479,0.00133456790060563,0.742987787300846,0.00222886501429502
200,0.01,50,0.8,0.4,0.1,0,2,95,1528.95,10.3123500000016,0.805774888086704,0.00163992415962307,0.734354113150634,0.0022148250946036
1000,0.03,5,0.6,0.4,0.01,0,2,96,283.1,6.04970000000321,0.810607965945351,0.00173152041356796,0.736695499826128,0.0024000846804161
500,0.03,5,1,0.8,0,0,2,97,277,3.56434999999474,0.809050081631466,0.00119687977054429,0.739272140886748,0.00228748684537395
100,0.1,20,0.6,0.6,0,0,2,98,215.9,1.01034999999683,0.787336123300701,0.0017614469076344,0.720612322029443,0.00265663589360298
2000,0.03,20,0.8,0.4,0,0,2,99,173.85,7.7542000000074,0.809097680533991,0.00168307699373113,0.736958508997588,0.0022540189948254
100,0.03,10,0.6,0.6,0,0.1,2,100,557.55,2.48014999999432,0.788244793143524,0.00175268348002644,0.722313023226255,0.00257850559220422
